title,link,description,postdate
Dec ❹ ▶ 크리스마스는 가족과 함께,https://blog.naver.com/2gksus2qks/223048427844,느낌이라구해야하나 가정식 <b>레스토랑</b>..? 뭐래 인테리어는 이렇구요~ 살짝 애매한 시간에 가서 그런지... <b>패밀리 레스토랑</b>인가요? 그리고 크리스마스 무드 맘껏 내며 영화 #러브하드 도 봤음 좋은 날 이딴거나... ,20230318
음식을 맛볼 수 있는 <b>패밀리 레스토랑</b>(feat. T 멤버십 <b>할인</b> 혜택),https://blog.naver.com/kslee0691/223048163162,"괌 여행 맛집 셜리스 커피 아메리칸 스타일의 음식을 맛볼 수 있는 <b>패밀리 레스토랑</b> (feat. T 멤버십 <b>할인</b> 혜택) 여행에 있어서 빼놓을 수 없는 즐거움 중 하나는 여행하면서 맛있는 음식을 먹어 보는 것, 국내... ",20230318
메가박스<b>할인</b> 간략하게 준비하기,https://blog.naver.com/jfqhise6704/223047980826,오늘도 맛있게 잘 먹었습니다 순수 내돈내산 후기 -끝- [논산] <b>패밀리레스토랑</b> '요남자' 솔직후기  논산 이탈리안 <b>레스토랑</b> YONAMJA 요남자 외식하기 좋은 데이트맛집 친절 날마다 바뀌는 <b>할인</b>메뉴... ,20230318
요가용품 정보 알아보는 시간,https://blog.naver.com/bvos1735/223047966801,"휴게음식점, <b>패밀리레스토랑</b>, 일반 주점 (제과/아이스크림, 패스트푸드, 휴흥주점 제외) ④ 의료 - 모든 약국 업종 10% <b>할인</b> ⑤ 교육 - 외국어 학원, 예체능 학원, 자동차 학원, 문화센터, 독서실 (학원업종... ",20230318
"스테이크 하우스, 새로 오픈한 디타워 맛집 (+세트메뉴, <b>할인</b> 정보)",https://blog.naver.com/jd_story_/223047909138,"날 = <b>패밀리 레스토랑</b>” 이던 시절이 있었는데.. 빕스, 티지아이, 베니건스, 아웃백 등등 다 사라지고... 특유의 아늑한 조명과 테라스처럼 꾸며진 <b>레스토랑</b> 자리들이~ 아웃백은 3층에! 3층에는 아웃백 외에도... ",20230318
[빕스 어린이대공원점] VIPS <b>할인</b> 꿀팁 2종 + 랍스터는 비추~,https://blog.naver.com/egous/223047904278,<b>할인</b> 중복 가능~ 인터넷으로 종종 이렇게 살수 있다는군요. 가성비가 더욱 좋아지는~ ㅋ 그래서 2장... 스테이크든 랍스터든 <b>패밀리 레스토랑</b>에 어떤 스타일로 납품되고 있는지는 오래 전부터 알고 있었지만... ,20230317
아고다 3월 <b>할인</b>코드 알려드림,https://blog.naver.com/danzzak78/223047798762,3월 <b>할인</b>코드 로 다른 사람들보다 <b>레스토랑</b>도 저렴하게 이용하는 샘이 됩니다. 사진에 모두 담을 수 없어 안타까울 정도인데요. 정말 다양한 메뉴가 준비 되어 있습니다. <b>패밀리 레스토랑</b>으로 오랫동안 잔뼈가... ,20230317
나고야여행 :: 다른 곳보다 넓고 사람이 적어 쾌적한 나고야... ,https://blog.naver.com/blue_melona/223047757712,왜인지 꼬북칩이 여기에ㅋㅋ 심지어 100엔으로 <b>할인</b>하고 있어요ㅋㅋ 한국보다 저렴한듯... 한쪽에는... ￼쇼핑몰 안에 돈키호테 말고도 사이제리아(<b>패밀리 레스토랑</b>)이나 마루가메 제면도 있었어요! 3박4일동안... ,20230317
롯데리아 네고왕 이때아니면 다신 안올것같은 역대급,https://blog.naver.com/oh-bucket/223047716385,"추억의 <b>패밀리레스토랑</b>느낌쓰 ㅋㅋ 자 이제 여기부터 네고왕이 네고한 내용이에요! 네고왕이 해온 네... 엔제리너스 아메리카노 S = 2,000원(55% <b>할인</b>) 4-2. 크리스피 크림 도넛 오리지널글레이즈드 하프더즌 = 4... ",20230317
동대문 아웃백 스테이크하우스 방문 후기,https://blog.naver.com/dhm325/223047057913,"<b>패밀리레스토랑</b> 정말 오랜만이네요  저희는 미리 예약을 하고 가서 대기 없이 바로 앉을 수 있었어요. 부메랑 멤버십 쿠폰 <b>할인</b>, 포인트 적립/사용 시 멤버십 번호를 미리 준비해달라고 안내되어 있습니다.... ",20230317
피는 물방아 오직 같은 인류의 인생을 할지라도 피에 그것은... ,https://blog.naver.com/alyxforrest/223047601079,다른 <b>패밀리 레스토랑</b>보다 일찍이 매드포갈릭은 저런 스탬프 이벤트 등을 잘 활용했어요. 처음인 20 <b>할인</b>의 경우에는 그렇게 매력적인 이벤트는 아니지만 이후에 적혀져 있는 40 할이권이나 2인 식사권 등의... ,20230317
"고양 아웃백 일산 원마운트점 런치메뉴 <b>할인</b> 정보, 메뉴 추천",https://blog.naver.com/dhoon92/223047594495,그리고 <b>할인</b> 꿀팁까지 낱낱이 파헤쳐 드릴게요. 정말 오~~~~~랜만에 아웃백 스테이크하우스 점심에... 드디어 입성한 우리나라 대표 <b>패밀리 레스토랑</b> 중 하나인 아웃백!! 특유의 아웃백 무드 아시죠? 나무를... ,20230317
"TGIF <b>할인</b> 이벤트 | 티지아이 (TGI) 58주년 기념, 폭립이... ",https://blog.naver.com/hbhj_7/223047517712,TGIF <b>할인</b> 이벤트 티지아이 / TGI / 폭립 / 잠실 티지아이 출처 : TGIF 짝꿍이 SNS에서 발견한 TGIF 이벤트!... 나중에 또 다른 이벤트가 있다면 또 와서 먹고 싶다!! 원래 <b>패밀리레스토랑</b>은 제값 주고 먹기 아까운 것ㅎ,20230317
신한 더베스트F 카드 완벽하게 분석,https://blog.naver.com/dlzpdlwl002/223047414392,해서 <b>할인</b>이나 적립 혜택에 대해서는 정말 좋을수 밖에 없는데요 하지만 연회비가 비싸다는 단점이... 15만 <b>패밀리레스토랑</b> 17만 상품권으로 구성이 되어 있는데 이중에서 한가지를 선택해서 받을수가 있으며... ,20230317
농협 어린이보험 농협 정리해봤어요 혜택 체크카드,https://blog.naver.com/hyosim5076/223047342849,"예를 들어 어린이집/유치원 등 이용 시 3% <b>할인</b>이 되며, 주요 커피전문점 이용할 때 10%, 주요 <b>패밀리레스토랑</b> 이용 시 5% <b>할인</b>이 돼요. 이러한 <b>할인</b> 혜택은 무제한으로 주어지는 것은 아니고요, 전월 실적에... ",20230317
